<?xml version="1.0" encoding="UTF-8"?>
    <addon id="repository.coach" name="coach" version="0.10" provider-name="coach">
        <extension point="xbmc.addon.repository" name="coach">
            <dir>
                <info compressed="false">https://raw.githubusercontent.com/CoachSludge/kodirepo/master/zips/addons.xml</info>
                <checksum>https://raw.githubusercontent.com/CoachSludge/kodirepo/master/zips/addons.xml.md5</checksum>
                <datadir zip="true">https://raw.githubusercontent.com/CoachSludge/kodirepo/master/zips/</datadir>
            </dir>
        </extension>
        <extension point="xbmc.addon.metadata">
            <summary>...</summary>
            <description>...</description>
            <platform>all</platform>
            <assets>
                <icon>icon.png</icon>
                <fanart>fanart.jpg</fanart>            
            </assets>
        </extension>
            
</addon>
